origem,destino
0,3027
0,2956
0,1
1,2520
1,370
1,2
2,3
3,4
4,1453
4,5
5,6
6,7
7,8
8,9
9,10
10,11
11,12
12,157
12,13
13,14
116,318
116,317
116,117
117,353
117,352
126,176
156,157
175,176
176,317
184,185
185,186
186,187
187,188
188,189
189,2960
189,2598
189,2511
189,319
318,319
370,371
371,372
372,373
373,1451
373,374
374,375
375,376
376,377
377,378
378,379
379,380
380,381
381,382
1230,2962
1260,2947
1260,2965
1260,1261
1261,1262
1262,1263
1263,1264
1264,1265
1451,1452
1452,1453
2511,2512
2512,2513
2513,2514
2514,2515
2515,2516
2516,2517
2517,2518
2518,2519
2519,2520
2598,2599
2599,2600
2600,2601
2601,2602
2602,2603
2947,3033
2947,2948
2948,2949
2949,2950
2950,2957
2950,2951
2951,2957
2951,2959
2951,2952
2952,3036
2952,2953
2953,2954
2954,2955
2955,2956
2957,2960
2958,3031
2958,3030
2958,2959
2960,3034
2962,2963
2963,2964
2964,2965
3027,3028
3028,3029
3029,3030
3031,3032
3032,3033
3034,3035
3035,3036
